create database hr;
drop database hr; 
use hr;

CREATE TABLE regions (
	region_id INT (11) AUTO_INCREMENT PRIMARY KEY,
	region_name VARCHAR (25) DEFAULT NULL
);

CREATE TABLE countries (
	country_id CHAR (2) PRIMARY KEY,
	country_name VARCHAR (40) DEFAULT NULL,
	region_id INT (11) NOT NULL,
	FOREIGN KEY (region_id) REFERENCES regions (region_id) ON DELETE CASCADE ON UPDATE CASCADE
);

CREATE TABLE locations (
	location_id INT (11) AUTO_INCREMENT PRIMARY KEY,
	street_address VARCHAR (40) DEFAULT NULL,
	postal_code VARCHAR (12) DEFAULT NULL,
	city VARCHAR (30) NOT NULL,
	state_province VARCHAR (25) DEFAULT NULL,
	country_id CHAR (2) NOT NULL,
	FOREIGN KEY (country_id) REFERENCES countries (country_id) ON DELETE CASCADE ON UPDATE CASCADE
);

CREATE TABLE jobs (
	job_id INT (11) AUTO_INCREMENT PRIMARY KEY,
	job_title VARCHAR (35) NOT NULL,
	min_salary DECIMAL (8, 2) DEFAULT NULL,
	max_salary DECIMAL (8, 2) DEFAULT NULL
);

CREATE TABLE departments (
	department_id INT (11) AUTO_INCREMENT PRIMARY KEY,
	department_name VARCHAR (30) NOT NULL,
	location_id INT (11) DEFAULT NULL,
	FOREIGN KEY (location_id) REFERENCES locations (location_id) ON DELETE CASCADE ON UPDATE CASCADE
);

CREATE TABLE employees (
	employee_id INT (11) AUTO_INCREMENT PRIMARY KEY,
	first_name VARCHAR (20) DEFAULT NULL,
	last_name VARCHAR (25) NOT NULL,
	email VARCHAR (100) NOT NULL,
	phone_number VARCHAR (20) DEFAULT NULL,
	hire_date DATE NOT NULL,
	job_id INT (11) NOT NULL,
	salary DECIMAL (8, 2) NOT NULL,
	manager_id INT (11) DEFAULT NULL,
	department_id INT (11) DEFAULT NULL,
	FOREIGN KEY (job_id) REFERENCES jobs (job_id) ON DELETE CASCADE ON UPDATE CASCADE,
	FOREIGN KEY (department_id) REFERENCES departments (department_id) ON DELETE CASCADE ON UPDATE CASCADE,
	FOREIGN KEY (manager_id) REFERENCES employees (employee_id)
);

CREATE TABLE dependents (
	dependent_id INT (11) AUTO_INCREMENT PRIMARY KEY,
	first_name VARCHAR (50) NOT NULL,
	last_name VARCHAR (50) NOT NULL,
	relationship VARCHAR (25) NOT NULL,
	employee_id INT (11) NOT NULL,
	FOREIGN KEY (employee_id) REFERENCES employees (employee_id) ON DELETE CASCADE ON UPDATE CASCADE
);

/*Data for the table regions */

INSERT INTO regions(region_id,region_name) VALUES (1,'Europe');
INSERT INTO regions(region_id,region_name) VALUES (2,'Americas');
INSERT INTO regions(region_id,region_name) VALUES (3,'Asia');
INSERT INTO regions(region_id,region_name) VALUES (4,'Middle East and Africa');


/*Data for the table countries */
INSERT INTO countries(country_id,country_name,region_id) VALUES ('AR','Argentina',2);
INSERT INTO countries(country_id,country_name,region_id) VALUES ('AU','Australia',3);
INSERT INTO countries(country_id,country_name,region_id) VALUES ('BE','Belgium',1);
INSERT INTO countries(country_id,country_name,region_id) VALUES ('BR','Brazil',2);
INSERT INTO countries(country_id,country_name,region_id) VALUES ('CA','Canada',2);
INSERT INTO countries(country_id,country_name,region_id) VALUES ('CH','Switzerland',1);
INSERT INTO countries(country_id,country_name,region_id) VALUES ('CN','China',3);
INSERT INTO countries(country_id,country_name,region_id) VALUES ('DE','Germany',1);
INSERT INTO countries(country_id,country_name,region_id) VALUES ('DK','Denmark',1);
INSERT INTO countries(country_id,country_name,region_id) VALUES ('EG','Egypt',4);
INSERT INTO countries(country_id,country_name,region_id) VALUES ('FR','France',1);
INSERT INTO countries(country_id,country_name,region_id) VALUES ('HK','HongKong',3);
INSERT INTO countries(country_id,country_name,region_id) VALUES ('IL','Israel',4);
INSERT INTO countries(country_id,country_name,region_id) VALUES ('IN','India',3);
INSERT INTO countries(country_id,country_name,region_id) VALUES ('IT','Italy',1);
INSERT INTO countries(country_id,country_name,region_id) VALUES ('JP','Japan',3);
INSERT INTO countries(country_id,country_name,region_id) VALUES ('KW','Kuwait',4);
INSERT INTO countries(country_id,country_name,region_id) VALUES ('MX','Mexico',2);
INSERT INTO countries(country_id,country_name,region_id) VALUES ('NG','Nigeria',4);
INSERT INTO countries(country_id,country_name,region_id) VALUES ('NL','Netherlands',1);
INSERT INTO countries(country_id,country_name,region_id) VALUES ('SG','Singapore',3);
INSERT INTO countries(country_id,country_name,region_id) VALUES ('UK','United Kingdom',1);
INSERT INTO countries(country_id,country_name,region_id) VALUES ('US','United States of America',2);
INSERT INTO countries(country_id,country_name,region_id) VALUES ('ZM','Zambia',4);
INSERT INTO countries(country_id,country_name,region_id) VALUES ('ZW','Zimbabwe',4);

/*Data for the table locations */
INSERT INTO locations(location_id,street_address,postal_code,city,state_province,country_id) VALUES (1400,'2014 Jabberwocky Rd','26192','Southlake','Texas','US');
INSERT INTO locations(location_id,street_address,postal_code,city,state_province,country_id) VALUES (1500,'2011 Interiors Blvd','99236','South San Francisco','California','US');
INSERT INTO locations(location_id,street_address,postal_code,city,state_province,country_id) VALUES (1700,'2004 Charade Rd','98199','Seattle','Washington','US');
INSERT INTO locations(location_id,street_address,postal_code,city,state_province,country_id) VALUES (1800,'147 Spadina Ave','M5V 2L7','Toronto','Ontario','CA');
INSERT INTO locations(location_id,street_address,postal_code,city,state_province,country_id) VALUES (2400,'8204 Arthur St',NULL,'London',NULL,'UK');
INSERT INTO locations(location_id,street_address,postal_code,city,state_province,country_id) VALUES (2500,'Magdalen Centre, The Oxford Science Park','OX9 9ZB','Oxford','Oxford','UK');
INSERT INTO locations(location_id,street_address,postal_code,city,state_province,country_id) VALUES (2700,'Schwanthalerstr. 7031','80925','Munich','Bavaria','DE');


/*Data for the table jobs */

INSERT INTO jobs(job_id,job_title,min_salary,max_salary) VALUES (1,'Public Accountant',4200.00,9000.00);
INSERT INTO jobs(job_id,job_title,min_salary,max_salary) VALUES (2,'Accounting Manager',8200.00,16000.00);
INSERT INTO jobs(job_id,job_title,min_salary,max_salary) VALUES (3,'Administration Assistant',3000.00,6000.00);
INSERT INTO jobs(job_id,job_title,min_salary,max_salary) VALUES (4,'President',20000.00,40000.00);
INSERT INTO jobs(job_id,job_title,min_salary,max_salary) VALUES (5,'Administration Vice President',15000.00,30000.00);
INSERT INTO jobs(job_id,job_title,min_salary,max_salary) VALUES (6,'Accountant',4200.00,9000.00);
INSERT INTO jobs(job_id,job_title,min_salary,max_salary) VALUES (7,'Finance Manager',8200.00,16000.00);
INSERT INTO jobs(job_id,job_title,min_salary,max_salary) VALUES (8,'Human Resources Representative',4000.00,9000.00);
INSERT INTO jobs(job_id,job_title,min_salary,max_salary) VALUES (9,'Programmer',4000.00,10000.00);
INSERT INTO jobs(job_id,job_title,min_salary,max_salary) VALUES (10,'Marketing Manager',9000.00,15000.00);
INSERT INTO jobs(job_id,job_title,min_salary,max_salary) VALUES (11,'Marketing Representative',4000.00,9000.00);
INSERT INTO jobs(job_id,job_title,min_salary,max_salary) VALUES (12,'Public Relations Representative',4500.00,10500.00);
INSERT INTO jobs(job_id,job_title,min_salary,max_salary) VALUES (13,'Purchasing Clerk',2500.00,5500.00);
INSERT INTO jobs(job_id,job_title,min_salary,max_salary) VALUES (14,'Purchasing Manager',8000.00,15000.00);
INSERT INTO jobs(job_id,job_title,min_salary,max_salary) VALUES (15,'Sales Manager',10000.00,20000.00);
INSERT INTO jobs(job_id,job_title,min_salary,max_salary) VALUES (16,'Sales Representative',6000.00,12000.00);
INSERT INTO jobs(job_id,job_title,min_salary,max_salary) VALUES (17,'Shipping Clerk',2500.00,5500.00);
INSERT INTO jobs(job_id,job_title,min_salary,max_salary) VALUES (18,'Stock Clerk',2000.00,5000.00);
INSERT INTO jobs(job_id,job_title,min_salary,max_salary) VALUES (19,'Stock Manager',5500.00,8500.00);


/*Data for the table departments */

INSERT INTO departments(department_id,department_name,location_id) VALUES (1,'Administration',1700);
INSERT INTO departments(department_id,department_name,location_id) VALUES (2,'Marketing',1800);
INSERT INTO departments(department_id,department_name,location_id) VALUES (3,'Purchasing',1700);
INSERT INTO departments(department_id,department_name,location_id) VALUES (4,'Human Resources',2400);
INSERT INTO departments(department_id,department_name,location_id) VALUES (5,'Shipping',1500);
INSERT INTO departments(department_id,department_name,location_id) VALUES (6,'IT',1400);
INSERT INTO departments(department_id,department_name,location_id) VALUES (7,'Public Relations',2700);
INSERT INTO departments(department_id,department_name,location_id) VALUES (8,'Sales',2500);
INSERT INTO departments(department_id,department_name,location_id) VALUES (9,'Executive',1700);
INSERT INTO departments(department_id,department_name,location_id) VALUES (10,'Finance',1700);
INSERT INTO departments(department_id,department_name,location_id) VALUES (11,'Accounting',1700);



/*Data for the table employees */

INSERT INTO employees(employee_id,first_name,last_name,email,phone_number,hire_date,job_id,salary,manager_id,department_id) VALUES (100,'Steven','King','steven.king@sqltutorial.org','515.123.4567','1987-06-17',4,24000.00,NULL,9);
INSERT INTO employees(employee_id,first_name,last_name,email,phone_number,hire_date,job_id,salary,manager_id,department_id) VALUES (101,'Neena','Kochhar','neena.kochhar@sqltutorial.org','515.123.4568','1989-09-21',5,17000.00,100,9);
INSERT INTO employees(employee_id,first_name,last_name,email,phone_number,hire_date,job_id,salary,manager_id,department_id) VALUES (102,'Lex','De Haan','lex.de haan@sqltutorial.org','515.123.4569','1993-01-13',5,17000.00,100,9);
INSERT INTO employees(employee_id,first_name,last_name,email,phone_number,hire_date,job_id,salary,manager_id,department_id) VALUES (103,'Alexander','Hunold','alexander.hunold@sqltutorial.org','590.423.4567','1990-01-03',9,9000.00,102,6);
INSERT INTO employees(employee_id,first_name,last_name,email,phone_number,hire_date,job_id,salary,manager_id,department_id) VALUES (104,'Bruce','Ernst','bruce.ernst@sqltutorial.org','590.423.4568','1991-05-21',9,6000.00,103,6);
INSERT INTO employees(employee_id,first_name,last_name,email,phone_number,hire_date,job_id,salary,manager_id,department_id) VALUES (105,'David','Austin','david.austin@sqltutorial.org','590.423.4569','1997-06-25',9,4800.00,103,6);
INSERT INTO employees(employee_id,first_name,last_name,email,phone_number,hire_date,job_id,salary,manager_id,department_id) VALUES (106,'Valli','Pataballa','valli.pataballa@sqltutorial.org','590.423.4560','1998-02-05',9,4800.00,103,6);
INSERT INTO employees(employee_id,first_name,last_name,email,phone_number,hire_date,job_id,salary,manager_id,department_id) VALUES (107,'Diana','Lorentz','diana.lorentz@sqltutorial.org','590.423.5567','1999-02-07',9,4200.00,103,6);
INSERT INTO employees(employee_id,first_name,last_name,email,phone_number,hire_date,job_id,salary,manager_id,department_id) VALUES (108,'Nancy','Greenberg','nancy.greenberg@sqltutorial.org','515.124.4569','1994-08-17',7,12000.00,101,10);
INSERT INTO employees(employee_id,first_name,last_name,email,phone_number,hire_date,job_id,salary,manager_id,department_id) VALUES (109,'Daniel','Faviet','daniel.faviet@sqltutorial.org','515.124.4169','1994-08-16',6,9000.00,108,10);
INSERT INTO employees(employee_id,first_name,last_name,email,phone_number,hire_date,job_id,salary,manager_id,department_id) VALUES (110,'John','Chen','john.chen@sqltutorial.org','515.124.4269','1997-09-28',6,8200.00,108,10);
INSERT INTO employees(employee_id,first_name,last_name,email,phone_number,hire_date,job_id,salary,manager_id,department_id) VALUES (111,'Ismael','Sciarra','ismael.sciarra@sqltutorial.org','515.124.4369','1997-09-30',6,7700.00,108,10);
INSERT INTO employees(employee_id,first_name,last_name,email,phone_number,hire_date,job_id,salary,manager_id,department_id) VALUES (112,'Jose Manuel','Urman','jose manuel.urman@sqltutorial.org','515.124.4469','1998-03-07',6,7800.00,108,10);
INSERT INTO employees(employee_id,first_name,last_name,email,phone_number,hire_date,job_id,salary,manager_id,department_id) VALUES (113,'Luis','Popp','luis.popp@sqltutorial.org','515.124.4567','1999-12-07',6,6900.00,108,10);
INSERT INTO employees(employee_id,first_name,last_name,email,phone_number,hire_date,job_id,salary,manager_id,department_id) VALUES (114,'Den','Raphaely','den.raphaely@sqltutorial.org','515.127.4561','1994-12-07',14,11000.00,100,3);
INSERT INTO employees(employee_id,first_name,last_name,email,phone_number,hire_date,job_id,salary,manager_id,department_id) VALUES (115,'Alexander','Khoo','alexander.khoo@sqltutorial.org','515.127.4562','1995-05-18',13,3100.00,114,3);
INSERT INTO employees(employee_id,first_name,last_name,email,phone_number,hire_date,job_id,salary,manager_id,department_id) VALUES (116,'Shelli','Baida','shelli.baida@sqltutorial.org','515.127.4563','1997-12-24',13,2900.00,114,3);
INSERT INTO employees(employee_id,first_name,last_name,email,phone_number,hire_date,job_id,salary,manager_id,department_id) VALUES (117,'Sigal','Tobias','sigal.tobias@sqltutorial.org','515.127.4564','1997-07-24',13,2800.00,114,3);
INSERT INTO employees(employee_id,first_name,last_name,email,phone_number,hire_date,job_id,salary,manager_id,department_id) VALUES (118,'Guy','Himuro','guy.himuro@sqltutorial.org','515.127.4565','1998-11-15',13,2600.00,114,3);
INSERT INTO employees(employee_id,first_name,last_name,email,phone_number,hire_date,job_id,salary,manager_id,department_id) VALUES (119,'Karen','Colmenares','karen.colmenares@sqltutorial.org','515.127.4566','1999-08-10',13,2500.00,114,3);
INSERT INTO employees(employee_id,first_name,last_name,email,phone_number,hire_date,job_id,salary,manager_id,department_id) VALUES (120,'Matthew','Weiss','matthew.weiss@sqltutorial.org','650.123.1234','1996-07-18',19,8000.00,100,5);
INSERT INTO employees(employee_id,first_name,last_name,email,phone_number,hire_date,job_id,salary,manager_id,department_id) VALUES (121,'Adam','Fripp','adam.fripp@sqltutorial.org','650.123.2234','1997-04-10',19,8200.00,100,5);
INSERT INTO employees(employee_id,first_name,last_name,email,phone_number,hire_date,job_id,salary,manager_id,department_id) VALUES (122,'Payam','Kaufling','payam.kaufling@sqltutorial.org','650.123.3234','1995-05-01',19,7900.00,100,5);
INSERT INTO employees(employee_id,first_name,last_name,email,phone_number,hire_date,job_id,salary,manager_id,department_id) VALUES (123,'Shanta','Vollman','shanta.vollman@sqltutorial.org','650.123.4234','1997-10-10',19,6500.00,100,5);
INSERT INTO employees(employee_id,first_name,last_name,email,phone_number,hire_date,job_id,salary,manager_id,department_id) VALUES (126,'Irene','Mikkilineni','irene.mikkilineni@sqltutorial.org','650.124.1224','1998-09-28',18,2700.00,120,5);
INSERT INTO employees(employee_id,first_name,last_name,email,phone_number,hire_date,job_id,salary,manager_id,department_id) VALUES (145,'John','Russell','john.russell@sqltutorial.org',NULL,'1996-10-01',15,14000.00,100,8);
INSERT INTO employees(employee_id,first_name,last_name,email,phone_number,hire_date,job_id,salary,manager_id,department_id) VALUES (146,'Karen','Partners','karen.partners@sqltutorial.org',NULL,'1997-01-05',15,13500.00,100,8);
INSERT INTO employees(employee_id,first_name,last_name,email,phone_number,hire_date,job_id,salary,manager_id,department_id) VALUES (176,'Jonathon','Taylor','jonathon.taylor@sqltutorial.org',NULL,'1998-03-24',16,8600.00,100,8);
INSERT INTO employees(employee_id,first_name,last_name,email,phone_number,hire_date,job_id,salary,manager_id,department_id) VALUES (177,'Jack','Livingston','jack.livingston@sqltutorial.org',NULL,'1998-04-23',16,8400.00,100,8);
INSERT INTO employees(employee_id,first_name,last_name,email,phone_number,hire_date,job_id,salary,manager_id,department_id) VALUES (178,'Kimberely','Grant','kimberely.grant@sqltutorial.org',NULL,'1999-05-24',16,7000.00,100,8);
INSERT INTO employees(employee_id,first_name,last_name,email,phone_number,hire_date,job_id,salary,manager_id,department_id) VALUES (179,'Charles','Johnson','charles.johnson@sqltutorial.org',NULL,'2000-01-04',16,6200.00,100,8);
INSERT INTO employees(employee_id,first_name,last_name,email,phone_number,hire_date,job_id,salary,manager_id,department_id) VALUES (192,'Sarah','Bell','sarah.bell@sqltutorial.org','650.501.1876','1996-02-04',17,4000.00,123,5);
INSERT INTO employees(employee_id,first_name,last_name,email,phone_number,hire_date,job_id,salary,manager_id,department_id) VALUES (193,'Britney','Everett','britney.everett@sqltutorial.org','650.501.2876','1997-03-03',17,3900.00,123,5);
INSERT INTO employees(employee_id,first_name,last_name,email,phone_number,hire_date,job_id,salary,manager_id,department_id) VALUES (200,'Jennifer','Whalen','jennifer.whalen@sqltutorial.org','515.123.4444','1987-09-17',3,4400.00,101,1);
INSERT INTO employees(employee_id,first_name,last_name,email,phone_number,hire_date,job_id,salary,manager_id,department_id) VALUES (201,'Michael','Hartstein','michael.hartstein@sqltutorial.org','515.123.5555','1996-02-17',10,13000.00,100,2);
INSERT INTO employees(employee_id,first_name,last_name,email,phone_number,hire_date,job_id,salary,manager_id,department_id) VALUES (202,'Pat','Fay','pat.fay@sqltutorial.org','603.123.6666','1997-08-17',11,6000.00,201,2);
INSERT INTO employees(employee_id,first_name,last_name,email,phone_number,hire_date,job_id,salary,manager_id,department_id) VALUES (203,'Susan','Mavris','susan.mavris@sqltutorial.org','515.123.7777','1994-06-07',8,6500.00,101,4);
INSERT INTO employees(employee_id,first_name,last_name,email,phone_number,hire_date,job_id,salary,manager_id,department_id) VALUES (204,'Hermann','Baer','hermann.baer@sqltutorial.org','515.123.8888','1994-06-07',12,10000.00,101,7);
INSERT INTO employees(employee_id,first_name,last_name,email,phone_number,hire_date,job_id,salary,manager_id,department_id) VALUES (205,'Shelley','Higgins','shelley.higgins@sqltutorial.org','515.123.8080','1994-06-07',2,12000.00,101,11);
INSERT INTO employees(employee_id,first_name,last_name,email,phone_number,hire_date,job_id,salary,manager_id,department_id) VALUES (206,'William','Gietz','william.gietz@sqltutorial.org','515.123.8181','1994-06-07',1,8300.00,205,11);


/*Data for the table dependents */

INSERT INTO dependents(dependent_id,first_name,last_name,relationship,employee_id) VALUES (1,'Penelope','Gietz','Child',206);
INSERT INTO dependents(dependent_id,first_name,last_name,relationship,employee_id) VALUES (2,'Nick','Higgins','Child',205);
INSERT INTO dependents(dependent_id,first_name,last_name,relationship,employee_id) VALUES (3,'Ed','Whalen','Child',200);
INSERT INTO dependents(dependent_id,first_name,last_name,relationship,employee_id) VALUES (4,'Jennifer','King','Child',100);
INSERT INTO dependents(dependent_id,first_name,last_name,relationship,employee_id) VALUES (5,'Johnny','Kochhar','Child',101);
INSERT INTO dependents(dependent_id,first_name,last_name,relationship,employee_id) VALUES (6,'Bette','De Haan','Child',102);
INSERT INTO dependents(dependent_id,first_name,last_name,relationship,employee_id) VALUES (7,'Grace','Faviet','Child',109);
INSERT INTO dependents(dependent_id,first_name,last_name,relationship,employee_id) VALUES (8,'Matthew','Chen','Child',110);
INSERT INTO dependents(dependent_id,first_name,last_name,relationship,employee_id) VALUES (9,'Joe','Sciarra','Child',111);
INSERT INTO dependents(dependent_id,first_name,last_name,relationship,employee_id) VALUES (10,'Christian','Urman','Child',112);
INSERT INTO dependents(dependent_id,first_name,last_name,relationship,employee_id) VALUES (11,'Zero','Popp','Child',113);
INSERT INTO dependents(dependent_id,first_name,last_name,relationship,employee_id) VALUES (12,'Karl','Greenberg','Child',108);
INSERT INTO dependents(dependent_id,first_name,last_name,relationship,employee_id) VALUES (13,'Uma','Mavris','Child',203);
INSERT INTO dependents(dependent_id,first_name,last_name,relationship,employee_id) VALUES (14,'Vivien','Hunold','Child',103);
INSERT INTO dependents(dependent_id,first_name,last_name,relationship,employee_id) VALUES (15,'Cuba','Ernst','Child',104);
INSERT INTO dependents(dependent_id,first_name,last_name,relationship,employee_id) VALUES (16,'Fred','Austin','Child',105);
INSERT INTO dependents(dependent_id,first_name,last_name,relationship,employee_id) VALUES (17,'Helen','Pataballa','Child',106);
INSERT INTO dependents(dependent_id,first_name,last_name,relationship,employee_id) VALUES (18,'Dan','Lorentz','Child',107);
INSERT INTO dependents(dependent_id,first_name,last_name,relationship,employee_id) VALUES (19,'Bob','Hartstein','Child',201);
INSERT INTO dependents(dependent_id,first_name,last_name,relationship,employee_id) VALUES (20,'Lucille','Fay','Child',202);
INSERT INTO dependents(dependent_id,first_name,last_name,relationship,employee_id) VALUES (21,'Kirsten','Baer','Child',204);
INSERT INTO dependents(dependent_id,first_name,last_name,relationship,employee_id) VALUES (22,'Elvis','Khoo','Child',115);
INSERT INTO dependents(dependent_id,first_name,last_name,relationship,employee_id) VALUES (23,'Sandra','Baida','Child',116);
INSERT INTO dependents(dependent_id,first_name,last_name,relationship,employee_id) VALUES (24,'Cameron','Tobias','Child',117);
INSERT INTO dependents(dependent_id,first_name,last_name,relationship,employee_id) VALUES (25,'Kevin','Himuro','Child',118);
INSERT INTO dependents(dependent_id,first_name,last_name,relationship,employee_id) VALUES (26,'Rip','Colmenares','Child',119);
INSERT INTO dependents(dependent_id,first_name,last_name,relationship,employee_id) VALUES (27,'Julia','Raphaely','Child',114);
INSERT INTO dependents(dependent_id,first_name,last_name,relationship,employee_id) VALUES (28,'Woody','Russell','Child',145);
INSERT INTO dependents(dependent_id,first_name,last_name,relationship,employee_id) VALUES (29,'Alec','Partners','Child',146);
INSERT INTO dependents(dependent_id,first_name,last_name,relationship,employee_id) VALUES (30,'Sandra','Taylor','Child',176);


/* ------------------------------------------- Exercício 1 - A ------------------------------------------*/

# Fazendo o uso CTE (Common Table Expression)
WITH department_media_salarial AS (
  SELECT dep.department_name, ROUND(AVG(func.salary), 0) AS media_salarial
  FROM employees func
  INNER JOIN departments dep ON func.department_id = dep.department_id
  GROUP BY dep.department_name
  ORDER BY media_salarial ASC
)
SELECT 'Média' AS department_name, ROUND(AVG(func.salary), 0) AS media_salarial
FROM employees func
UNION
SELECT department_name, media_salarial
FROM department_media_salarial
ORDER BY media_salarial ASC;


# Média dos departamentos 
SELECT SUM(avg_salary)/COUNT(*) AS avg_department_salary
FROM (
  SELECT dep.department_name, AVG(func.salary) AS avg_salary
  FROM employees func
  JOIN departments dep ON func.department_id = dep.department_id
  GROUP BY dep.department_name
) AS department_avg_salary;


/* ------------------------------------------- Exercício 1 - B ------------------------------------------*/

SELECT func.employee_id, func.first_name, func.last_name, func.salary, average_salary, dep.department_name, ROUND(AVG(func.salary), 2) - ROUND(AVG(d.average_salary), 2) AS diferenca
FROM employees func
INNER JOIN departments dep ON func.department_id = dep.department_id
INNER JOIN (
  SELECT department_id, ROUND(AVG(salary)) AS average_salary
  FROM employees
  GROUP BY department_id
) d ON func.department_id = d.department_id
GROUP BY func.employee_id
ORDER BY dep.department_name, func.employee_id ASC;

/* ------------------------------------------- Exercício 1 - C ------------------------------------------*/

SELECT 
  dep.department_name AS department, 
  COUNT(CASE WHEN func.salary < (SELECT AVG(salary) FROM employees WHERE department_id = func.department_id) THEN 1 ELSE NULL END) AS salario_abaixo_media,
  COUNT(*) AS qtd_funcionarios
FROM 
  employees func 
  LEFT JOIN departments dep ON func.department_id = dep.department_id
GROUP BY 
  dep.department_name
  ORDER BY dep.department_name ASC;

/* ------------------------------------------- Exercício 1 - D ------------------------------------------*/

# fazendo um aumento salarial com base na media de  de todos os funcionários da empresa.
UPDATE employees 
SET salary = salary * 1.1 
WHERE department_id IN (
  SELECT department_id FROM departments WHERE department_name IN ('Finance', 'Executive')
) AND salary < 8600;

UPDATE employees 
SET salary = salary * 1.1 
WHERE department_id IN (
  SELECT department_id FROM departments WHERE department_name IN ('Finance', 'Executive')
) AND salary < 8600;

SELECT department_name, AVG(salary) as current_avg_salary, 
ROUND(AVG(salary)*1.1,2) as new_avg_salary
FROM employees 
JOIN departments ON employees.department_id = departments.department_id
WHERE department_name IN ('Finance', 'Executive')
GROUP BY department_name;

# média geral de todos os funcionarios
SELECT AVG(avg_salary) AS overall_avg_salary
FROM (
    SELECT AVG(salary) AS avg_salary
    FROM employees
    GROUP BY department_id
) AS department_avg;

UPDATE departments 
SET salary = salary + (SELECT AVG(salary) FROM employees) * 0.1
WHERE department_id IN (SELECT department_id FROM employees GROUP BY department_id);

# proposta do departamento de finanças
UPDATE employees
SET salary = salary * 1.09
WHERE department_id = (SELECT department_id FROM departments WHERE department_name = 'TI');

# proposta do departamento de executivos
UPDATE employees
SET salary = salary + (6000 * 0.09)
WHERE department_id = (SELECT department_id FROM departments WHERE department_name = 'TI');

/* ------------------------------------------- Exercício 3 ------------------------------------------*/

select count(*) from medico;
explain select * from medico where especialidade like 'clínico geral';
/* Para melhorar o desempenho geral do sistema, e executar a consulta de maneira mais eficiente, a proposta é a criação de um índice na coluna "especialidade"*/
CREATE INDEX idx_especialidade ON medico (especialidade);
# após a criação do indice podemos fazer a pesquisa de maneira mais restrita
SELECT * FROM medico WHERE especialidade = 'clínico geral';
# Usar o operador de igualdade "=" em vez do operador "like" pode aumentar a eficiência da consulta, pois a consulta com "like" pesquisará por padrão, enquanto a consulta com "=" pesquisará exatamente um valor.
# obs: não tem nenhuma nenhuma especialidade pediatria, então neste exemplo foi usado clínico geral (usando o banco de dados hospital3).

/* ------------------------------------------- Exercício 4 a,b ------------------------------------------*/
use usuarios;
DROP DATABASE usuarios;
CREATE DATABASE usuarios
DEFAULT CHARACTER SET UTF8 # reconhece acentuações
DEFAULT COLLATE UTF8_GENERAL_CI;

CREATE TABLE projetos (
	id INT NOT NULL AUTO_INCREMENT,
	titulo VARCHAR (45),
	data DATE,
	url VARCHAR (100),
	PRIMARY KEY (id)
);
drop table projetos;

INSERT INTO projetos 
(titulo, url, data)
VALUES 
('Teste1' , 'teste.com.br', '2017-01-20');

CREATE TABLE usuario (
	id INT NOT NULL AUTO_INCREMENT,
	nome VARCHAR (45),
	email VARCHAR (45),
	senha VARCHAR (45),
	PRIMARY KEY (id)
);

INSERT INTO usuario 
(nome, email, senha)
VALUES 
('Jasmine', 'Teste' , '123');

CREATE TABLE comentarios (
	id INT NOT NULL AUTO_INCREMENT,
	comentario TEXT,
	data DATE,
    id_usuario INT,
    id_projeto INT,
	PRIMARY KEY (id),
	FOREIGN KEY (id_usuario) REFERENCES usuario(id),
	FOREIGN KEY (id_projeto) REFERENCES projetos(id)
);

INSERT INTO comentarios 
(comentario, data)
VALUES 
('Comentario Teste' , '2017-01-28'),
('Comentario Teste2' , '2017-01-28'),
('Comentario Teste3' , '2017-01-28'),
('Comentario Teste4' , '2017-01-28');


CREATE TABLE likes_por_projeto (
    id_usuario INT,
    id_projeto INT,
	FOREIGN KEY (id_projeto) REFERENCES projetos(id),
	FOREIGN KEY (id_usuario) REFERENCES usuario(id)
);

CREATE TABLE likes_por_comentario (
    id_usuario INT,
    id_comentario INT,
	FOREIGN KEY (id_usuario) REFERENCES usuario(id),
    FOREIGN KEY (id_comentario) REFERENCES comentarios(id)
);

SELECT * FROM comentarios; 
SELECT * FROM usuario; 
SELECT * FROM projetos; 

CREATE TABLE log_comentarios (
    id INT NOT NULL AUTO_INCREMENT,
    mensagem VARCHAR(255) NOT NULL,
    data_hora DATETIME,
    PRIMARY KEY (id)
);

# Resposta da questão A
DELIMITER //

CREATE TRIGGER trigger_comentarios AFTER INSERT ON comentarios FOR EACH ROW
BEGIN
    INSERT INTO log_comentarios (mensagem, data_hora)
    VALUES ('Novo comentário inserido', NOW());
END //

DELIMITER ;

SELECT * FROM log_comentarios;

# Resposta da questão B
DELIMITER //
CREATE TRIGGER trigger_likes_projeto AFTER INSERT ON likes_por_projeto
FOR EACH ROW
BEGIN
    DECLARE total_likes INT;
    SELECT COUNT(*) INTO total_likes FROM likes_por_projeto WHERE id_projeto = NEW.id_projeto;
    IF total_likes >= 1000 THEN
        INSERT INTO lembrete (mensagem) VALUES ('O projeto ' || (SELECT titulo FROM projetos WHERE id = NEW.id_projeto) || ' atingiu 1000 likes!');
    END IF;
END //

DELIMITER ;

/* ------------------------------------------- Exercício 5 ------------------------------------------*/

USE comunicado;
CREATE DATABASE comunicado; 
CREATE TABLE membros (
	id INT NOT NULL AUTO_INCREMENT,
	nome VARCHAR(100) NOT NULL,
	email VARCHAR(255),
	dataNascimento DATE,
	PRIMARY KEY (id)
);

INSERT INTO membros
(nome, email, dataNascimento)
VALUES
('Ana' , 'ana@gmail.com' , '2023-05-01');

CREATE TABLE lembrete (
	id INT AUTO_INCREMENT,
	membroId INT,
	mensagem VARCHAR(255) NOT NULL,
	PRIMARY KEY (id , membroId)
);

DELIMITER //

CREATE TRIGGER lembrar_aniversario AFTER INSERT ON membros FOR EACH ROW
BEGIN
  IF NEW.dataNascimento = DATE_ADD(CURDATE(), INTERVAL 7 DAY) THEN
    INSERT INTO lembrete (membroId, mensagem) VALUES (NEW.id, CONCAT('Olá, membros, o aniversário do ', NEW.nome, ' é daqui a 7 dias. Vamos comprar uma lembrança para ele?'));
  END IF;
END //

DELIMITER ;

SELECT * FROM lembrete;

/* ------------------------------------------- Exercício 6 ------------------------------------------*/
USE produtos;
CREATE DATABASE produtos;
CREATE TABLE produto (
	idProduto INT NOT NULL AUTO_INCREMENT, 
	nome VARCHAR(255) NULL, 
	preco_normal DECIMAL(10,2) NULL, 
	preco_desconto DECIMAL(10,2) NULL, 
	PRIMARY KEY (idProduto)
); 

INSERT INTO produto
(nome, preco_normal)
VALUES
('mouse', '80.00');

DELIMITER //

CREATE TRIGGER atualizar_preco_desconto 
BEFORE INSERT ON produto
FOR EACH ROW 
BEGIN
    SET NEW.preco_desconto = NEW.preco_normal * 0.92; # reduz 8% do preço normal
END //

DELIMITER ;

INSERT INTO produto
(nome, preco_normal)
VALUES
('PC', '1000.00');

SELECT * FROM produto;

/* ------------------------------------------- Exercício 7 ------------------------------------------*/
USE hr; # usando o banco de dados hr
SELECT 
  departments.department_name, 
  MIN(employees.salary) AS salario_minimo, 
  MAX(employees.salary) AS salario_maximo, 
  ROUND(AVG(employees.salary), 2) AS media_salario 
FROM 
  employees 
  INNER JOIN departments ON employees.department_id = departments.department_id 
GROUP BY 
  departments.department_name
  ORDER BY department_name ASC;


